t, n, Tsim, deviation, collisionCount
0.05, 30,1.0,7,7
0.1, 30,1.0,5,4
0.15, 30,1.0,4,4
0.6500001, 30,0.0,0,1
0.85000014, 30,0.0,0,2
0.90000015, 30,0.0,0,4
0.95000017, 30,0.0,0,5
1.0000001, 30,0.0,0,4
1.0500001, 30,1.0,0,5
1.1, 30,0.0,0,3
1.15, 30,0.0,0,1
1.3499998, 30,0.0,0,1
1.4499997, 30,0.0,0,1
1.6499995, 30,0.0,0,2
1.6999995, 30,0.0,0,2
1.7499994, 30,0.0,0,1
1.8499993, 30,0.0,0,1
2.299999, 30,0.0,0,1
2.399999, 30,0.0,0,2
2.4499989, 30,0.0,0,1
2.7999985, 30,0.0,0,2
2.8499985, 30,0.0,0,1
3.1499982, 30,0.0,0,2
3.1999981, 30,0.0,0,2
3.249998, 30,0.0,0,4
3.299998, 30,0.0,0,4
3.349998, 30,0.0,0,2
3.5499978, 30,0.0,0,1
3.6999977, 30,0.0,0,2
3.7499976, 30,0.0,0,1
3.9999974, 30,1.0,0,1
4.0499973, 30,0.0,0,1
4.0999975, 30,0.0,0,1
4.1499977, 30,0.0,0,1
4.2999983, 30,0.0,0,2
4.3499985, 30,0.0,0,1
4.499999, 30,0.0,0,1
4.9000006, 30,0.0,0,2
4.950001, 30,0.0,0,3
5.000001, 30,0.0,0,1
5.2000017, 30,0.0,0,1
5.3500023, 30,0.0,0,1
5.9500046, 30,0.0,0,2
6.000005, 30,0.0,0,1
6.2000055, 30,0.0,0,1
6.2500057, 30,0.0,0,2
6.300006, 30,0.0,0,1
7.5000105, 30,0.0,0,2
7.5500107, 30,0.0,0,1
8.5500145, 30,0.0,0,2
8.600015, 30,0.0,0,1
9.6000185, 30,0.0,0,3
9.650019, 30,0.0,0,2
9.700019, 30,0.0,0,1
9.750019, 30,0.0,0,3
9.800019, 30,0.0,0,1
10.10002, 30,0.0,0,1
10.250021, 30,1.0,0,1
10.300021, 30,0.0,0,1
10.350021, 30,0.0,0,1
10.400022, 30,0.0,0,3
10.450022, 30,0.0,0,2
10.500022, 30,0.0,0,1
10.750023, 30,0.0,0,1
10.950024, 30,0.0,0,1
11.000024, 30,1.0,0,2
11.050024, 30,0.0,0,2
11.100024, 30,0.0,0,1
11.350025, 30,0.0,0,1
